<?xml version="1.0" encoding="utf-8"?>
<!--/3949442/1059512/2.49/6/4/Connector/-->
<quadcept_library>
  <setting unit="mil" />
  <textstyle name="Default" height="47.244094488189" strokewidth="7.8740157480315" charwidth="47.244094488189" />
  <textstyle name="Dimension" height="19.6850393700787" strokewidth="0" charwidth="19.6850393700787" />
  <textstyle name="H127W0635TH00762" height="50" strokewidth="3" charwidth="25" />
  <textstyle name="H15W15TH02" height="59.0551181102362" strokewidth="7.8740157480315" charwidth="59.0551181102362" />
  <padstyle name="r280_200" surface="True" plated="False" isvia="False" nopaste="False" nomask="True" complex="False" holesize="0">
    <padshape layer="TOP" shape="rectangle" width="78.740157480314" height="110.23622047244" />
    <padshape layer="TOP_SOLDER_MASK" shape="rectangle" width="86.614173228345" height="118.11023622047" />
    <padshape layer="TOP_SOLDER_PASTE" shape="rectangle" width="78.740157480314" height="110.23622047244" />
  </padstyle>
  <padstyle name="s280" surface="True" plated="False" isvia="False" nopaste="False" nomask="True" complex="False" holesize="0">
    <padshape layer="TOP" shape="square" width="110.23622047244" height="110.23622047244" />
    <padshape layer="TOP_SOLDER_MASK" shape="square" width="118.11023622047" height="118.11023622047" />
    <padshape layer="TOP_SOLDER_PASTE" shape="square" width="110.23622047244" height="110.23622047244" />
  </padstyle>
  <padstyle name="r280_220" surface="True" plated="False" isvia="False" nopaste="False" nomask="True" complex="False" holesize="0">
    <padshape layer="TOP" shape="rectangle" width="86.614173228345" height="110.23622047244" />
    <padshape layer="TOP_SOLDER_MASK" shape="rectangle" width="94.488188976377" height="118.11023622047" />
    <padshape layer="TOP_SOLDER_PASTE" shape="rectangle" width="86.614173228345" height="110.23622047244" />
  </padstyle>
  <padstyle name="r280_260" surface="True" plated="False" isvia="False" nopaste="False" nomask="True" complex="False" holesize="0">
    <padshape layer="TOP" shape="rectangle" width="102.36220472441" height="110.23622047244" />
    <padshape layer="TOP_SOLDER_MASK" shape="rectangle" width="110.23622047244" height="118.11023622047" />
    <padshape layer="TOP_SOLDER_PASTE" shape="rectangle" width="102.36220472441" height="110.23622047244" />
  </padstyle>
  <padstyle name="c85_h170" surface="False" plated="True" isvia="False" nopaste="True" nomask="True" complex="False" holesize="66.929133858267">
    <padshape layer="TOP" shape="round" width="33.464566929133" height="33.464566929133" />
    <padshape layer="TOP_SOLDER_MASK" shape="round" width="41.338582677165" height="41.338582677165" />
    <padshape layer="INNER" shape="round" width="33.464566929133" height="33.464566929133" />
    <padshape layer="BOTTOM" shape="round" width="33.464566929133" height="33.464566929133" />
    <padshape layer="BOTTOM_SOLDER_MASK" shape="round" width="41.338582677165" height="41.338582677165" />
  </padstyle>
  <footprint name="SJ43515RSSMTTR" originx="0" originy="0" pickpointx="0" pickpointy="0">
    <pcbpin number="1" name="1" style="r280_200" originx="-303.14960629921" originy="-133.85826771653" rotation="0" />
    <pcbpin number="2" name="2" style="s280" originx="177.16535433071" originy="-133.85826771653" rotation="90" />
    <pcbpin number="3" name="3" style="r280_220" originx="-118.11023622047" originy="133.85826771653" rotation="0" />
    <pcbpin number="4" name="4" style="r280_220" originx="-192.91338582677" originy="-133.85826771653" rotation="0" />
    <pcbpin number="5" name="5" style="r280_260" originx="334.64566929133" originy="29.527559055118" rotation="0" />
    <pcbpin number="6" name="6" style="r280_200" originx="-228.34645669291" originy="133.85826771653" rotation="0" />
    <pcbpin number="7" name="MH1" style="c85_h170" originx="-149.6062992126" originy="0" rotation="90" />
    <pcbpin number="8" name="MH2" style="c85_h170" originx="125.9842519685" originy="0" rotation="90" />
    <line layer="TOP_ASSEMBLY" originx="-326.7716535433" originy="-131.88976377953" endx="283.46456692913" endy="-131.88976377953" width="7.8740157480314" />
    <line layer="TOP_ASSEMBLY" originx="283.46456692913" originy="-131.88976377953" endx="283.46456692913" endy="131.88976377953" width="7.8740157480314" />
    <line layer="TOP_ASSEMBLY" originx="283.46456692913" originy="131.88976377953" endx="-326.7716535433" endy="131.88976377953" width="7.8740157480314" />
    <line layer="TOP_ASSEMBLY" originx="-326.7716535433" originy="131.88976377953" endx="-326.7716535433" endy="-131.88976377953" width="7.8740157480314" />
    <line layer="TOP_ASSEMBLY" originx="-326.7716535433" originy="98.425196850392" endx="-385.82677165354" endy="98.425196850392" width="7.8740157480314" />
    <line layer="TOP_ASSEMBLY" originx="-385.82677165354" originy="98.425196850392" endx="-385.82677165354" endy="-98.425196850392" width="7.8740157480314" />
    <line layer="TOP_ASSEMBLY" originx="-385.82677165354" originy="-98.425196850392" endx="-326.7716535433" endy="-98.425196850392" width="7.8740157480314" />
    <line layer="TOP_ASSEMBLY" originx="-326.7716535433" originy="-98.425196850392" endx="-326.7716535433" endy="98.425196850392" width="7.8740157480314" />
    <line layer="TOP_SILKSCREEN" originx="-385.82677165354" originy="98.425196850392" endx="-326.7716535433" endy="98.425196850392" width="3.9370078740157" />
    <line layer="TOP_SILKSCREEN" originx="-326.7716535433" originy="98.425196850392" endx="-326.7716535433" endy="98.425196850392" width="3.9370078740157" />
    <line layer="TOP_SILKSCREEN" originx="-326.7716535433" originy="98.425196850392" endx="-385.82677165354" endy="98.425196850392" width="3.9370078740157" />
    <line layer="TOP_SILKSCREEN" originx="-385.82677165354" originy="98.425196850392" endx="-385.82677165354" endy="98.425196850392" width="3.9370078740157" />
    <line layer="TOP_SILKSCREEN" originx="-31.496062992126" originy="131.88976377953" endx="283.46456692913" endy="131.88976377953" width="3.9370078740157" />
    <line layer="TOP_SILKSCREEN" originx="283.46456692913" originy="131.88976377953" endx="283.46456692913" endy="131.88976377953" width="3.9370078740157" />
    <line layer="TOP_SILKSCREEN" originx="283.46456692913" originy="131.88976377953" endx="-31.496062992126" endy="131.88976377953" width="3.9370078740157" />
    <line layer="TOP_SILKSCREEN" originx="-31.496062992126" originy="131.88976377953" endx="-31.496062992126" endy="131.88976377953" width="3.9370078740157" />
    <line layer="TOP_SILKSCREEN" originx="86.614173228345" originy="-131.88976377953" endx="-100.3937007874" endy="-131.88976377953" width="3.9370078740157" />
    <line layer="TOP_SILKSCREEN" originx="-100.3937007874" originy="-131.88976377953" endx="-100.3937007874" endy="-131.88976377953" width="3.9370078740157" />
    <line layer="TOP_SILKSCREEN" originx="-100.3937007874" originy="-131.88976377953" endx="86.614173228345" endy="-131.88976377953" width="3.9370078740157" />
    <line layer="TOP_SILKSCREEN" originx="86.614173228345" originy="-131.88976377953" endx="86.614173228345" endy="-131.88976377953" width="3.9370078740157" />
    <line layer="TOP_PLACE_BOUND" originx="-425.1968503937" originy="240.15748031496" endx="425.1968503937" endy="240.15748031496" width="3.9370078740157" />
    <line layer="TOP_PLACE_BOUND" originx="425.1968503937" originy="240.15748031496" endx="425.1968503937" endy="-297.24409448819" width="3.9370078740157" />
    <line layer="TOP_PLACE_BOUND" originx="425.1968503937" originy="-297.24409448819" endx="-425.1968503937" endy="-297.24409448819" width="3.9370078740157" />
    <line layer="TOP_PLACE_BOUND" originx="-425.1968503937" originy="-297.24409448819" endx="-425.1968503937" endy="240.15748031496" width="3.9370078740157" />
    <line layer="TOP_SILKSCREEN" originx="-385.82677165354" originy="-98.425196850392" endx="-385.82677165354" endy="-98.425196850392" width="3.9370078740157" />
    <line layer="TOP_SILKSCREEN" originx="-385.82677165354" originy="-98.425196850392" endx="-385.82677165354" endy="98.425196850392" width="3.9370078740157" />
    <line layer="TOP_SILKSCREEN" originx="-385.82677165354" originy="98.425196850392" endx="-385.82677165354" endy="98.425196850392" width="3.9370078740157" />
    <line layer="TOP_SILKSCREEN" originx="-385.82677165354" originy="98.425196850392" endx="-385.82677165354" endy="-98.425196850392" width="3.9370078740157" />
    <line layer="TOP_SILKSCREEN" originx="-326.7716535433" originy="-59.055118110235" endx="-326.7716535433" endy="-59.055118110235" width="3.9370078740157" />
    <line layer="TOP_SILKSCREEN" originx="-326.7716535433" originy="-59.055118110235" endx="-326.7716535433" endy="131.88976377953" width="3.9370078740157" />
    <line layer="TOP_SILKSCREEN" originx="-326.7716535433" originy="131.88976377953" endx="-326.7716535433" endy="131.88976377953" width="3.9370078740157" />
    <line layer="TOP_SILKSCREEN" originx="-326.7716535433" originy="131.88976377953" endx="-326.7716535433" endy="-59.055118110235" width="3.9370078740157" />
    <line layer="TOP_SILKSCREEN" originx="283.46456692913" originy="-59.055118110235" endx="283.46456692913" endy="-59.055118110235" width="3.9370078740157" />
    <line layer="TOP_SILKSCREEN" originx="283.46456692913" originy="-59.055118110235" endx="283.46456692913" endy="-131.88976377953" width="3.9370078740157" />
    <line layer="TOP_SILKSCREEN" originx="283.46456692913" originy="-131.88976377953" endx="283.46456692913" endy="-131.88976377953" width="3.9370078740157" />
    <line layer="TOP_SILKSCREEN" originx="283.46456692913" originy="-131.88976377953" endx="283.46456692913" endy="-59.055118110235" width="3.9370078740157" />
    <line layer="TOP_SILKSCREEN" originx="-309.05511811023" originy="-255.90551181102" endx="-309.05511811023" endy="-255.90551181102" width="7.8740157480314" />
    <arc layer="TOP_SILKSCREEN" originx="-307.08661417322" originy="-255.90551181102" startangle="180.0" sweepangle="180.0" radius="1.9685039370078" width="7.8740157480314" />
    <line layer="TOP_SILKSCREEN" originx="-305.11811023622" originy="-255.90551181102" endx="-305.11811023622" endy="-255.90551181102" width="7.8740157480314" />
    <arc layer="TOP_SILKSCREEN" originx="-307.08661417322" originy="-255.90551181102" startangle=".0" sweepangle="180.0" radius="1.9685039370078" width="7.8740157480314" />
    <line layer="TOP_SILKSCREEN" originx="-309.05511811023" originy="-255.90551181102" endx="-309.05511811023" endy="-255.90551181102" width="7.8740157480314" />
    <arc layer="TOP_SILKSCREEN" originx="-307.08661417322" originy="-255.90551181102" startangle="180.0" sweepangle="180.0" radius="1.9685039370078" width="7.8740157480314" />
  </footprint>
  <symbol name="SJ-43515RS-SMT-TR" originx="0" originy="0">
    <line originx="200" originy="100" endx="1400" endy="100" width="0" />
    <line originx="1400" originy="-300" endx="1400" endy="100" width="0" />
    <line originx="1400" originy="-300" endx="200" endy="-300" width="0" />
    <line originx="200" originy="100" endx="200" endy="-300" width="0" />
    <sympin number="1" originx="200" originy="0" rotation="180" length="100" width="7.8740157480315" flipped="False">
      <text name="pinname" originx="230" originy="0" style="Default" rotation="0" justify="left" flipped="False" hidden="False" data="SLEEVE" />
      <text name="pindes" originx="140" originy="20" style="Default" rotation="0" justify="lowerright" flipped="False" hidden="False" data="1" />
    </sympin>
    <sympin number="2" originx="200" originy="-100" rotation="180" length="100" width="7.8740157480315" flipped="False">
      <text name="pinname" originx="230" originy="-100" style="Default" rotation="0" justify="left" flipped="False" hidden="False" data="TIP" />
      <text name="pindes" originx="140" originy="-80" style="Default" rotation="0" justify="lowerright" flipped="False" hidden="False" data="2" />
    </sympin>
    <sympin number="3" originx="200" originy="-200" rotation="180" length="100" width="7.8740157480315" flipped="False">
      <text name="pinname" originx="230" originy="-200" style="Default" rotation="0" justify="left" flipped="False" hidden="False" data="RING_1" />
      <text name="pindes" originx="140" originy="-180" style="Default" rotation="0" justify="lowerright" flipped="False" hidden="False" data="3" />
    </sympin>
    <sympin number="4" originx="1400" originy="0" rotation="0" length="100" width="7.8740157480315" flipped="False">
      <text name="pinname" originx="1370" originy="0" style="Default" rotation="0" justify="right" flipped="False" hidden="False" data="RING_2_" />
      <text name="pindes" originx="1460" originy="20" style="Default" rotation="0" justify="lowerleft" flipped="False" hidden="False" data="4" />
    </sympin>
    <sympin number="5" originx="1400" originy="-100" rotation="0" length="100" width="7.8740157480315" flipped="False">
      <text name="pinname" originx="1370" originy="-100" style="Default" rotation="0" justify="right" flipped="False" hidden="False" data="NP" />
      <text name="pindes" originx="1460" originy="-80" style="Default" rotation="0" justify="lowerleft" flipped="False" hidden="False" data="5" />
    </sympin>
    <sympin number="6" originx="1400" originy="-200" rotation="0" length="100" width="7.8740157480315" flipped="False">
      <text name="pinname" originx="1370" originy="-200" style="Default" rotation="0" justify="right" flipped="False" hidden="False" data="RING_SWITCH" />
      <text name="pindes" originx="1460" originy="-180" style="Default" rotation="0" justify="lowerleft" flipped="False" hidden="False" data="6" />
    </sympin>
  </symbol>
  <component name="SJ-43515RS-SMT-TR" designatorprefix="J" height="200.7874015748" footprint="SJ43515RSSMTTR">
    <comppin designator="1" sympin="1" pinswap="0" gateswap="0" gate="1" group="1" side="" type="Any" name="SLEEVE" />
    <comppin designator="2" sympin="2" pinswap="0" gateswap="0" gate="1" group="1" side="" type="Any" name="TIP" />
    <comppin designator="3" sympin="3" pinswap="0" gateswap="0" gate="1" group="1" side="" type="Any" name="RING_1" />
    <comppin designator="4" sympin="4" pinswap="0" gateswap="0" gate="1" group="1" side="" type="Any" name="RING_2_" />
    <comppin designator="5" sympin="5" pinswap="0" gateswap="0" gate="1" group="1" side="" type="Any" name="NP" />
    <comppin designator="6" sympin="6" pinswap="0" gateswap="0" gate="1" group="1" side="" type="Any" name="RING_SWITCH" />
    <attached_symbol gate="1" name="SJ-43515RS-SMT-TR" />
    <pinmap designator="1" footprintpin="1" />
    <pinmap designator="2" footprintpin="2" />
    <pinmap designator="3" footprintpin="3" />
    <pinmap designator="4" footprintpin="4" />
    <pinmap designator="5" footprintpin="5" />
    <pinmap designator="6" footprintpin="6" />
    <text name="Datasheet" originx="0" originy="0" style="Default" rotation="0" justify="" flipped="False" hidden="True" data="https://www.mouser.com/datasheet/2/670/sj-4351x-smt_series-1312932.pdf" />
    <text name="Description" originx="0" originy="0" style="Default" rotation="0" justify="" flipped="False" hidden="True" data="4 conductor 3.5 mm Surface Mount Audio Jack w/ Ring Switch" />
    <text name="Manufacturer_Name" originx="0" originy="0" style="Default" rotation="0" justify="" flipped="False" hidden="True" data="CUI Devices" />
    <text name="Manufacturer_Part_Number" originx="1450" originy="200" style="Default" rotation="0" justify="left" flipped="False" hidden="False" data="SJ-43515RS-SMT-TR" />
    <text name="Mouser Part Number" originx="0" originy="0" style="Default" rotation="0" justify="" flipped="False" hidden="True" data="490-SJ43515RS-SMT-TR" />
    <text name="Mouser Price/Stock" originx="0" originy="0" style="Default" rotation="0" justify="" flipped="False" hidden="True" data="https://www.mouser.co.uk/ProductDetail/CUI-Devices/SJ-43515RS-SMT-TR?qs=WyjlAZoYn539wol%252BXvq5nw%3D%3D" />
    <text name="Arrow Part Number" originx="0" originy="0" style="Default" rotation="0" justify="" flipped="False" hidden="True" data="SJ-43515RS-SMT-TR" />
    <text name="Arrow Price/Stock" originx="0" originy="0" style="Default" rotation="0" justify="" flipped="False" hidden="True" data="https://www.arrow.com/en/products/sj-43515rs-smt-tr/cui-devices?region=nac" />
    <text name="Mouser Testing Part Number" originx="0" originy="0" style="Default" rotation="0" justify="" flipped="False" hidden="True" data="" />
    <text name="Mouser Testing Price/Stock" originx="0" originy="0" style="Default" rotation="0" justify="" flipped="False" hidden="True" data="" />
  </component>
</quadcept_library>
