<?xml version="1.0" encoding="utf-8"?>
<!--/723995/1059512/2.49/4/4/Connector/-->
<quadcept_library>
  <setting unit="mil" />
  <textstyle name="Default" height="47.244094488189" strokewidth="7.8740157480315" charwidth="47.244094488189" />
  <textstyle name="Dimension" height="19.6850393700787" strokewidth="0" charwidth="19.6850393700787" />
  <textstyle name="H127W0635TH00762" height="50" strokewidth="3" charwidth="25" />
  <textstyle name="H15W15TH02" height="59.0551181102362" strokewidth="7.8740157480315" charwidth="59.0551181102362" />
  <padstyle name="r250_220" surface="True" plated="False" isvia="False" nopaste="False" nomask="True" complex="False" holesize="0">
    <padshape layer="TOP" shape="rectangle" width="86.614173228345" height="98.425196850392" />
    <padshape layer="TOP_SOLDER_MASK" shape="rectangle" width="94.488188976377" height="106.29921259842" />
    <padshape layer="TOP_SOLDER_PASTE" shape="rectangle" width="86.614173228345" height="98.425196850392" />
  </padstyle>
  <padstyle name="r230_220" surface="True" plated="False" isvia="False" nopaste="False" nomask="True" complex="False" holesize="0">
    <padshape layer="TOP" shape="rectangle" width="86.614173228345" height="90.551181102361" />
    <padshape layer="TOP_SOLDER_MASK" shape="rectangle" width="94.488188976377" height="98.425196850392" />
    <padshape layer="TOP_SOLDER_PASTE" shape="rectangle" width="86.614173228345" height="90.551181102361" />
  </padstyle>
  <padstyle name="c60_h120" surface="False" plated="True" isvia="False" nopaste="True" nomask="True" complex="False" holesize="47.244094488188">
    <padshape layer="TOP" shape="round" width="23.622047244094" height="23.622047244094" />
    <padshape layer="TOP_SOLDER_MASK" shape="round" width="31.496062992126" height="31.496062992126" />
    <padshape layer="INNER" shape="round" width="23.622047244094" height="23.622047244094" />
    <padshape layer="BOTTOM" shape="round" width="23.622047244094" height="23.622047244094" />
    <padshape layer="BOTTOM_SOLDER_MASK" shape="round" width="31.496062992126" height="31.496062992126" />
  </padstyle>
  <footprint name="SJ23574ASMTTR" originx="0" originy="0" pickpointx="0" pickpointy="0">
    <pcbpin number="1" name="1" style="r250_220" originx="212.59842519685" originy="-125.9842519685" rotation="0" />
    <pcbpin number="2" name="2" style="r250_220" originx="153.54330708661" originy="145.66929133858" rotation="0" />
    <pcbpin number="3" name="3" style="r230_220" originx="-3.9370078740157" originy="149.6062992126" rotation="0" />
    <pcbpin number="4" name="4" style="r230_220" originx="-122.04724409449" originy="149.6062992126" rotation="0" />
    <pcbpin number="5" name="5" style="c60_h120" originx="-181.10236220472" originy="9.8425196850392" rotation="90" />
    <pcbpin number="6" name="6" style="c60_h120" originx="94.488188976377" originy="9.8425196850392" rotation="90" />
    <line layer="TOP_ASSEMBLY" originx="-271.65354330708" originy="127.95275590551" endx="271.65354330708" endy="127.95275590551" width="7.8740157480314" />
    <line layer="TOP_ASSEMBLY" originx="271.65354330708" originy="127.95275590551" endx="271.65354330708" endy="-108.26771653543" width="7.8740157480314" />
    <line layer="TOP_ASSEMBLY" originx="271.65354330708" originy="-108.26771653543" endx="-271.65354330708" endy="-108.26771653543" width="7.8740157480314" />
    <line layer="TOP_ASSEMBLY" originx="-271.65354330708" originy="-108.26771653543" endx="-271.65354330708" endy="127.95275590551" width="7.8740157480314" />
    <line layer="TOP_PLACE_BOUND" originx="-311.02362204724" originy="234.25196850393" endx="311.02362204724" endy="234.25196850393" width="3.9370078740157" />
    <line layer="TOP_PLACE_BOUND" originx="311.02362204724" originy="234.25196850393" endx="311.02362204724" endy="-234.25196850393" width="3.9370078740157" />
    <line layer="TOP_PLACE_BOUND" originx="311.02362204724" originy="-234.25196850393" endx="-311.02362204724" endy="-234.25196850393" width="3.9370078740157" />
    <line layer="TOP_PLACE_BOUND" originx="-311.02362204724" originy="-234.25196850393" endx="-311.02362204724" endy="234.25196850393" width="3.9370078740157" />
    <line layer="TOP_SILKSCREEN" originx="228.34645669291" originy="127.95275590551" endx="271.65354330708" endy="127.95275590551" width="3.9370078740157" />
    <line layer="TOP_SILKSCREEN" originx="271.65354330708" originy="127.95275590551" endx="271.65354330708" endy="-108.26771653543" width="3.9370078740157" />
    <line layer="TOP_SILKSCREEN" originx="128.34645669291" originy="-108.26771653543" endx="-271.65354330708" endy="-108.26771653543" width="3.9370078740157" />
    <line layer="TOP_SILKSCREEN" originx="-271.65354330708" originy="-108.26771653543" endx="-271.65354330708" endy="127.95275590551" width="3.9370078740157" />
    <line layer="TOP_SILKSCREEN" originx="-271.65354330708" originy="127.95275590551" endx="-192.91338582677" endy="127.95275590551" width="3.9370078740157" />
    <line layer="TOP_SILKSCREEN" originx="208.66141732283" originy="-190.94488188976" endx="208.66141732283" endy="-190.94488188976" width="7.8740157480314" />
    <arc layer="TOP_SILKSCREEN" originx="212.59842519685" originy="-190.94488188976" startangle="180.0" sweepangle="-180.0" radius="3.9370078740157" width="7.8740157480314" />
    <line layer="TOP_SILKSCREEN" originx="216.53543307086" originy="-190.94488188976" endx="216.53543307086" endy="-190.94488188976" width="7.8740157480314" />
    <arc layer="TOP_SILKSCREEN" originx="212.59842519685" originy="-190.94488188976" startangle=".0" sweepangle="-180.0" radius="3.9370078740157" width="7.8740157480314" />
  </footprint>
  <symbol name="SJ2-3574A-SMT-TR" originx="0" originy="0">
    <line originx="200" originy="100" endx="1100" endy="100" width="0" />
    <line originx="1100" originy="-200" endx="1100" endy="100" width="0" />
    <line originx="1100" originy="-200" endx="200" endy="-200" width="0" />
    <line originx="200" originy="100" endx="200" endy="-200" width="0" />
    <sympin number="1" originx="200" originy="0" rotation="180" length="100" width="7.8740157480315" flipped="False">
      <text name="pinname" originx="230" originy="0" style="Default" rotation="0" justify="left" flipped="False" hidden="False" data="SLEEVE" />
      <text name="pindes" originx="140" originy="20" style="Default" rotation="0" justify="lowerright" flipped="False" hidden="False" data="1" />
    </sympin>
    <sympin number="2" originx="200" originy="-100" rotation="180" length="100" width="7.8740157480315" flipped="False">
      <text name="pinname" originx="230" originy="-100" style="Default" rotation="0" justify="left" flipped="False" hidden="False" data="TIP" />
      <text name="pindes" originx="140" originy="-80" style="Default" rotation="0" justify="lowerright" flipped="False" hidden="False" data="2" />
    </sympin>
    <sympin number="3" originx="1100" originy="0" rotation="0" length="100" width="7.8740157480315" flipped="False">
      <text name="pinname" originx="1070" originy="0" style="Default" rotation="0" justify="right" flipped="False" hidden="False" data="RING_1" />
      <text name="pindes" originx="1160" originy="20" style="Default" rotation="0" justify="lowerleft" flipped="False" hidden="False" data="3" />
    </sympin>
    <sympin number="4" originx="1100" originy="-100" rotation="0" length="100" width="7.8740157480315" flipped="False">
      <text name="pinname" originx="1070" originy="-100" style="Default" rotation="0" justify="right" flipped="False" hidden="False" data="RING_2" />
      <text name="pindes" originx="1160" originy="-80" style="Default" rotation="0" justify="lowerleft" flipped="False" hidden="False" data="4" />
    </sympin>
  </symbol>
  <component name="SJ2-3574A-SMT-TR" designatorprefix="J" height="196.85039370078" footprint="SJ23574ASMTTR">
    <comppin designator="1" sympin="1" pinswap="0" gateswap="0" gate="1" group="1" side="" type="Any" name="SLEEVE" />
    <comppin designator="2" sympin="2" pinswap="0" gateswap="0" gate="1" group="1" side="" type="Any" name="TIP" />
    <comppin designator="3" sympin="3" pinswap="0" gateswap="0" gate="1" group="1" side="" type="Any" name="RING_1" />
    <comppin designator="4" sympin="4" pinswap="0" gateswap="0" gate="1" group="1" side="" type="Any" name="RING_2" />
    <attached_symbol gate="1" name="SJ2-3574A-SMT-TR" />
    <pinmap designator="1" footprintpin="1" />
    <pinmap designator="2" footprintpin="2" />
    <pinmap designator="3" footprintpin="3" />
    <pinmap designator="4" footprintpin="4" />
    <text name="Datasheet" originx="0" originy="0" style="Default" rotation="0" justify="" flipped="False" hidden="True" data="https://componentsearchengine.com/Datasheets/1/SJ2-3574A-SMT-TR.pdf" />
    <text name="Description" originx="0" originy="0" style="Default" rotation="0" justify="" flipped="False" hidden="True" data="Phone Connectors 3.5mm Audio Jack SMT 4 conductor 0 switch" />
    <text name="Manufacturer_Name" originx="0" originy="0" style="Default" rotation="0" justify="" flipped="False" hidden="True" data="CUI Inc." />
    <text name="Manufacturer_Part_Number" originx="1150" originy="200" style="Default" rotation="0" justify="left" flipped="False" hidden="False" data="SJ2-3574A-SMT-TR" />
    <text name="Mouser Part Number" originx="0" originy="0" style="Default" rotation="0" justify="" flipped="False" hidden="True" data="490-SJ2-3574A-SMT-TR" />
    <text name="Mouser Price/Stock" originx="0" originy="0" style="Default" rotation="0" justify="" flipped="False" hidden="True" data="https://www.mouser.co.uk/ProductDetail/CUI-Devices/SJ2-3574A-SMT-TR?qs=DXv0QSHKF4zeQKpjIMxQnA%3D%3D" />
    <text name="Arrow Part Number" originx="0" originy="0" style="Default" rotation="0" justify="" flipped="False" hidden="True" data="SJ2-3574A-SMT-TR" />
    <text name="Arrow Price/Stock" originx="0" originy="0" style="Default" rotation="0" justify="" flipped="False" hidden="True" data="https://www.arrow.com/en/products/sj2-3574a-smt-tr/cui-devices?region=nac" />
    <text name="Mouser Testing Part Number" originx="0" originy="0" style="Default" rotation="0" justify="" flipped="False" hidden="True" data="" />
    <text name="Mouser Testing Price/Stock" originx="0" originy="0" style="Default" rotation="0" justify="" flipped="False" hidden="True" data="" />
  </component>
</quadcept_library>
