<?xml version="1.0" encoding="utf-8"?>
<!--/2214241/1059512/2.49/7/4/Switch/-->
<quadcept_library>
  <setting unit="mil" />
  <textstyle name="Default" height="47.244094488189" strokewidth="7.8740157480315" charwidth="47.244094488189" />
  <textstyle name="Dimension" height="19.6850393700787" strokewidth="0" charwidth="19.6850393700787" />
  <textstyle name="H127W0635TH00762" height="50" strokewidth="3" charwidth="25" />
  <textstyle name="H15W15TH02" height="59.0551181102362" strokewidth="7.8740157480315" charwidth="59.0551181102362" />
  <padstyle name="c130_h80" surface="False" plated="True" isvia="False" nopaste="True" nomask="True" complex="False" holesize="31.496062992126">
    <padshape layer="TOP" shape="round" width="51.181102362204" height="51.181102362204" />
    <padshape layer="TOP_SOLDER_MASK" shape="round" width="59.055118110235" height="59.055118110235" />
    <padshape layer="INNER" shape="round" width="51.181102362204" height="51.181102362204" />
    <padshape layer="BOTTOM" shape="round" width="51.181102362204" height="51.181102362204" />
    <padshape layer="BOTTOM_SOLDER_MASK" shape="round" width="59.055118110235" height="59.055118110235" />
  </padstyle>
  <padstyle name="c187.5_h125" surface="False" plated="True" isvia="False" nopaste="True" nomask="True" complex="False" holesize="49.212598425196">
    <padshape layer="TOP" shape="round" width="73.818897637794" height="73.818897637794" />
    <padshape layer="TOP_SOLDER_MASK" shape="round" width="81.692913385826" height="81.692913385826" />
    <padshape layer="INNER" shape="round" width="73.818897637794" height="73.818897637794" />
    <padshape layer="BOTTOM" shape="round" width="73.818897637794" height="73.818897637794" />
    <padshape layer="BOTTOM_SOLDER_MASK" shape="round" width="81.692913385826" height="81.692913385826" />
  </padstyle>
  <footprint name="SS14D0839VG5PA" originx="0" originy="0" pickpointx="0" pickpointy="0">
    <pcbpin number="1" name="1" style="c130_h80" originx="0" originy="0" rotation="90" />
    <pcbpin number="2" name="2" style="c130_h80" originx="78.740157480314" originy="0" rotation="90" />
    <pcbpin number="3" name="3" style="c130_h80" originx="236.22047244094" originy="0" rotation="90" />
    <pcbpin number="4" name="4" style="c130_h80" originx="314.96062992126" originy="0" rotation="90" />
    <pcbpin number="5" name="5" style="c130_h80" originx="393.70078740157" originy="0" rotation="90" />
    <pcbpin number="6" name="MH1" style="c187.5_h125" originx="-82.67716535433" originy="0" rotation="90" />
    <pcbpin number="7" name="MH2" style="c187.5_h125" originx="476.3779527559" originy="0" rotation="90" />
    <line layer="TOP_ASSEMBLY" originx="-90.551181102361" originy="84.645669291338" endx="484.25196850393" endy="84.645669291338" width="7.8740157480314" />
    <line layer="TOP_ASSEMBLY" originx="484.25196850393" originy="84.645669291338" endx="484.25196850393" endy="-84.645669291338" width="7.8740157480314" />
    <line layer="TOP_ASSEMBLY" originx="484.25196850393" originy="-84.645669291338" endx="-90.551181102361" endy="-84.645669291338" width="7.8740157480314" />
    <line layer="TOP_ASSEMBLY" originx="-90.551181102361" originy="-84.645669291338" endx="-90.551181102361" endy="84.645669291338" width="7.8740157480314" />
    <line layer="TOP_PLACE_BOUND" originx="-158.93700787401" originy="124.01574803149" endx="552.63779527558" endy="124.01574803149" width="3.9370078740157" />
    <line layer="TOP_PLACE_BOUND" originx="552.63779527558" originy="124.01574803149" endx="552.63779527558" endy="-124.01574803149" width="3.9370078740157" />
    <line layer="TOP_PLACE_BOUND" originx="552.63779527558" originy="-124.01574803149" endx="-158.93700787401" endy="-124.01574803149" width="3.9370078740157" />
    <line layer="TOP_PLACE_BOUND" originx="-158.93700787401" originy="-124.01574803149" endx="-158.93700787401" endy="124.01574803149" width="3.9370078740157" />
    <line layer="TOP_SILKSCREEN" originx="-90.551181102361" originy="84.645669291338" endx="484.25196850393" endy="84.645669291338" width="3.9370078740157" />
    <line layer="TOP_SILKSCREEN" originx="-82.67716535433" originy="-84.645669291338" endx="476.3779527559" endy="-84.645669291338" width="3.9370078740157" />
  </footprint>
  <symbol name="SS14D0839VG5PA" originx="0" originy="0">
    <line originx="200" originy="100" endx="700" endy="100" width="0" />
    <line originx="700" originy="-700" endx="700" endy="100" width="0" />
    <line originx="700" originy="-700" endx="200" endy="-700" width="0" />
    <line originx="200" originy="100" endx="200" endy="-700" width="0" />
    <sympin number="1" originx="200" originy="-100" rotation="180" length="100" width="7.8740157480315" flipped="False">
      <text name="pinname" originx="230" originy="-100" style="Default" rotation="0" justify="left" flipped="False" hidden="False" data="1" />
      <text name="pindes" originx="140" originy="-80" style="Default" rotation="0" justify="lowerright" flipped="False" hidden="False" data="1" />
    </sympin>
    <sympin number="2" originx="200" originy="-200" rotation="180" length="100" width="7.8740157480315" flipped="False">
      <text name="pinname" originx="230" originy="-200" style="Default" rotation="0" justify="left" flipped="False" hidden="False" data="2" />
      <text name="pindes" originx="140" originy="-180" style="Default" rotation="0" justify="lowerright" flipped="False" hidden="False" data="2" />
    </sympin>
    <sympin number="3" originx="200" originy="-300" rotation="180" length="100" width="7.8740157480315" flipped="False">
      <text name="pinname" originx="230" originy="-300" style="Default" rotation="0" justify="left" flipped="False" hidden="False" data="3" />
      <text name="pindes" originx="140" originy="-280" style="Default" rotation="0" justify="lowerright" flipped="False" hidden="False" data="3" />
    </sympin>
    <sympin number="4" originx="200" originy="-400" rotation="180" length="100" width="7.8740157480315" flipped="False">
      <text name="pinname" originx="230" originy="-400" style="Default" rotation="0" justify="left" flipped="False" hidden="False" data="4" />
      <text name="pindes" originx="140" originy="-380" style="Default" rotation="0" justify="lowerright" flipped="False" hidden="False" data="4" />
    </sympin>
    <sympin number="5" originx="200" originy="-500" rotation="180" length="100" width="7.8740157480315" flipped="False">
      <text name="pinname" originx="230" originy="-500" style="Default" rotation="0" justify="left" flipped="False" hidden="False" data="5" />
      <text name="pindes" originx="140" originy="-480" style="Default" rotation="0" justify="lowerright" flipped="False" hidden="False" data="5" />
    </sympin>
    <sympin number="6" originx="200" originy="0" rotation="180" length="100" width="7.8740157480315" flipped="False">
      <text name="pinname" originx="230" originy="0" style="Default" rotation="0" justify="left" flipped="False" hidden="False" data="MH1" />
      <text name="pindes" originx="140" originy="20" style="Default" rotation="0" justify="lowerright" flipped="False" hidden="False" data="MH1" />
    </sympin>
    <sympin number="7" originx="200" originy="-600" rotation="180" length="100" width="7.8740157480315" flipped="False">
      <text name="pinname" originx="230" originy="-600" style="Default" rotation="0" justify="left" flipped="False" hidden="False" data="MH2" />
      <text name="pindes" originx="140" originy="-580" style="Default" rotation="0" justify="lowerright" flipped="False" hidden="False" data="MH2" />
    </sympin>
  </symbol>
  <component name="SS14D0839VG5PA" designatorprefix="S" height="263.77952755905" footprint="SS14D0839VG5PA">
    <comppin designator="1" sympin="1" pinswap="0" gateswap="0" gate="1" group="1" side="" type="Any" name="1" />
    <comppin designator="2" sympin="2" pinswap="0" gateswap="0" gate="1" group="1" side="" type="Any" name="2" />
    <comppin designator="3" sympin="3" pinswap="0" gateswap="0" gate="1" group="1" side="" type="Any" name="3" />
    <comppin designator="4" sympin="4" pinswap="0" gateswap="0" gate="1" group="1" side="" type="Any" name="4" />
    <comppin designator="5" sympin="5" pinswap="0" gateswap="0" gate="1" group="1" side="" type="Any" name="5" />
    <comppin designator="MH1" sympin="6" pinswap="0" gateswap="0" gate="1" group="1" side="" type="Any" name="MH1" />
    <comppin designator="MH2" sympin="7" pinswap="0" gateswap="0" gate="1" group="1" side="" type="Any" name="MH2" />
    <attached_symbol gate="1" name="SS14D0839VG5PA" />
    <pinmap designator="1" footprintpin="1" />
    <pinmap designator="2" footprintpin="2" />
    <pinmap designator="3" footprintpin="3" />
    <pinmap designator="4" footprintpin="4" />
    <pinmap designator="5" footprintpin="5" />
    <pinmap designator="MH1" footprintpin="6" />
    <pinmap designator="MH2" footprintpin="7" />
    <text name="Datasheet" originx="0" originy="0" style="Default" rotation="0" justify="" flipped="False" hidden="True" data="https://componentsearchengine.com/Datasheets/1/SS14D0839VG5PA.pdf" />
    <text name="Description" originx="0" originy="0" style="Default" rotation="0" justify="" flipped="False" hidden="True" data="Slide Switches" />
    <text name="Manufacturer_Name" originx="0" originy="0" style="Default" rotation="0" justify="" flipped="False" hidden="True" data="C & K COMPONENTS" />
    <text name="Manufacturer_Part_Number" originx="750" originy="200" style="Default" rotation="0" justify="left" flipped="False" hidden="False" data="SS14D0839VG5PA" />
    <text name="Mouser Part Number" originx="0" originy="0" style="Default" rotation="0" justify="" flipped="False" hidden="True" data="611-SS-14D0839-VG5PA" />
    <text name="Mouser Price/Stock" originx="0" originy="0" style="Default" rotation="0" justify="" flipped="False" hidden="True" data="https://www.mouser.co.uk/ProductDetail/CK/SS14D0839VG5PA?qs=MLItCLRbWswItCuu%252BMrLYg%3D%3D" />
    <text name="Arrow Part Number" originx="0" originy="0" style="Default" rotation="0" justify="" flipped="False" hidden="True" data="" />
    <text name="Arrow Price/Stock" originx="0" originy="0" style="Default" rotation="0" justify="" flipped="False" hidden="True" data="" />
    <text name="Mouser Testing Part Number" originx="0" originy="0" style="Default" rotation="0" justify="" flipped="False" hidden="True" data="" />
    <text name="Mouser Testing Price/Stock" originx="0" originy="0" style="Default" rotation="0" justify="" flipped="False" hidden="True" data="" />
  </component>
</quadcept_library>
