<?xml version="1.0" encoding="utf-8"?>
<!--/2380909/1059512/2.49/4/3/Connector/-->
<quadcept_library>
  <setting unit="mil" />
  <textstyle name="Default" height="47.244094488189" strokewidth="7.8740157480315" charwidth="47.244094488189" />
  <textstyle name="Dimension" height="19.6850393700787" strokewidth="0" charwidth="19.6850393700787" />
  <textstyle name="H127W0635TH00762" height="50" strokewidth="3" charwidth="25" />
  <textstyle name="H15W15TH02" height="59.0551181102362" strokewidth="7.8740157480315" charwidth="59.0551181102362" />
  <padstyle name="r255_180" surface="True" plated="False" isvia="False" nopaste="False" nomask="True" complex="False" holesize="0">
    <padshape layer="TOP" shape="rectangle" width="70.866141732283" height="100.3937007874" />
    <padshape layer="TOP_SOLDER_MASK" shape="rectangle" width="78.740157480314" height="108.26771653543" />
    <padshape layer="TOP_SOLDER_PASTE" shape="rectangle" width="70.866141732283" height="100.3937007874" />
  </padstyle>
  <padstyle name="r295_180" surface="True" plated="False" isvia="False" nopaste="False" nomask="True" complex="False" holesize="0">
    <padshape layer="TOP" shape="rectangle" width="70.866141732283" height="116.14173228346" />
    <padshape layer="TOP_SOLDER_MASK" shape="rectangle" width="78.740157480314" height="124.01574803149" />
    <padshape layer="TOP_SOLDER_PASTE" shape="rectangle" width="70.866141732283" height="116.14173228346" />
  </padstyle>
  <padstyle name="c80_h160" surface="False" plated="True" isvia="False" nopaste="True" nomask="True" complex="False" holesize="62.992125984251">
    <padshape layer="TOP" shape="round" width="31.496062992126" height="31.496062992126" />
    <padshape layer="TOP_SOLDER_MASK" shape="round" width="39.370078740157" height="39.370078740157" />
    <padshape layer="INNER" shape="round" width="31.496062992126" height="31.496062992126" />
    <padshape layer="BOTTOM" shape="round" width="31.496062992126" height="31.496062992126" />
    <padshape layer="BOTTOM_SOLDER_MASK" shape="round" width="39.370078740157" height="39.370078740157" />
  </padstyle>
  <footprint name="PJ327C4A" originx="0" originy="0" pickpointx="0" pickpointy="0">
    <pcbpin number="1" name="1" style="r255_180" originx="-102.36220472441" originy="136.81102362205" rotation="0" />
    <pcbpin number="2" name="2" style="r255_180" originx="169.29133858268" originy="136.81102362205" rotation="0" />
    <pcbpin number="3" name="3" style="r255_180" originx="5.9055118110235" originy="-136.81102362205" rotation="0" />
    <pcbpin number="4" name="4" style="r295_180" originx="234.25196850393" originy="-128.93700787401" rotation="0" />
    <pcbpin number="5" name="MH1" style="c80_h160" originx="-84.645669291338" originy="0" rotation="90" />
    <pcbpin number="6" name="MH2" style="c80_h160" originx="151.5748031496" originy="0" rotation="90" />
    <line layer="TOP_ASSEMBLY" originx="-183.07086614173" originy="-118.11023622047" endx="281.49606299212" endy="-118.11023622047" width="3.9370078740157" />
    <line layer="TOP_ASSEMBLY" originx="281.49606299212" originy="-118.11023622047" endx="281.49606299212" endy="118.11023622047" width="3.9370078740157" />
    <line layer="TOP_ASSEMBLY" originx="281.49606299212" originy="118.11023622047" endx="-183.07086614173" endy="118.11023622047" width="3.9370078740157" />
    <line layer="TOP_ASSEMBLY" originx="-183.07086614173" originy="118.11023622047" endx="-183.07086614173" endy="-118.11023622047" width="3.9370078740157" />
    <line layer="TOP_PLACE_BOUND" originx="-320.86614173228" originy="-226.3779527559" endx="320.86614173228" endy="-226.3779527559" width="3.9370078740157" />
    <line layer="TOP_PLACE_BOUND" originx="320.86614173228" originy="-226.3779527559" endx="320.86614173228" endy="226.3779527559" width="3.9370078740157" />
    <line layer="TOP_PLACE_BOUND" originx="320.86614173228" originy="226.3779527559" endx="-320.86614173228" endy="226.3779527559" width="3.9370078740157" />
    <line layer="TOP_PLACE_BOUND" originx="-320.86614173228" originy="226.3779527559" endx="-320.86614173228" endy="-226.3779527559" width="3.9370078740157" />
    <line layer="TOP_ASSEMBLY" originx="-183.07086614173" originy="-98.425196850392" endx="-281.49606299212" endy="-98.425196850392" width="3.9370078740157" />
    <line layer="TOP_ASSEMBLY" originx="-281.49606299212" originy="-98.425196850392" endx="-281.49606299212" endy="98.425196850392" width="3.9370078740157" />
    <line layer="TOP_ASSEMBLY" originx="-281.49606299212" originy="98.425196850392" endx="-183.07086614173" endy="98.425196850392" width="3.9370078740157" />
    <line layer="TOP_SILKSCREEN" originx="-47.244094488188" originy="-118.11023622047" endx="-181.10236220472" endy="-118.11023622047" width="7.8740157480314" />
    <line layer="TOP_SILKSCREEN" originx="-181.10236220472" originy="-118.11023622047" endx="-183.07086614173" endy="118.11023622047" width="7.8740157480314" />
    <line layer="TOP_SILKSCREEN" originx="-183.07086614173" originy="118.11023622047" endx="-149.6062992126" endy="118.11023622047" width="7.8740157480314" />
    <line layer="TOP_SILKSCREEN" originx="-181.10236220472" originy="98.425196850392" endx="-281.49606299212" endy="98.425196850392" width="7.8740157480314" />
    <line layer="TOP_SILKSCREEN" originx="-281.49606299212" originy="98.425196850392" endx="-281.49606299212" endy="-98.425196850392" width="7.8740157480314" />
    <line layer="TOP_SILKSCREEN" originx="-281.49606299212" originy="-98.425196850392" endx="-181.10236220472" endy="-98.425196850392" width="7.8740157480314" />
    <line layer="TOP_SILKSCREEN" originx="281.49606299212" originy="-55.11811023622" endx="281.49606299212" endy="118.11023622047" width="7.8740157480314" />
    <line layer="TOP_SILKSCREEN" originx="281.49606299212" originy="118.11023622047" endx="220.47244094488" endy="118.11023622047" width="7.8740157480314" />
    <line layer="TOP_SILKSCREEN" originx="-55.11811023622" originy="118.11023622047" endx="118.11023622047" endy="118.11023622047" width="7.8740157480314" />
    <line layer="TOP_SILKSCREEN" originx="55.11811023622" originy="-118.11023622047" endx="188.97637795275" endy="-118.11023622047" width="7.8740157480314" />
    <line layer="TOP_SILKSCREEN" originx="-102.36220472441" originy="204.72440944882" endx="-102.36220472441" endy="204.72440944882" width="3.9370078740157" />
    <arc layer="TOP_SILKSCREEN" originx="-106.29921259842" originy="206.69291338582" startangle="-90.0" sweepangle="180.0" radius="-1.9685039370078" width="3.9370078740157" />
    <line layer="TOP_SILKSCREEN" originx="-102.36220472441" originy="208.66141732283" endx="-102.36220472441" endy="208.66141732283" width="3.9370078740157" />
    <arc layer="TOP_SILKSCREEN" originx="-106.29921259842" originy="206.69291338582" startangle="90.0" sweepangle="180.0" radius="-1.9685039370078" width="3.9370078740157" />
  </footprint>
  <symbol name="PJ-327C-4A" originx="0" originy="0">
    <line originx="200" originy="100" endx="600" endy="100" width="0" />
    <line originx="600" originy="-200" endx="600" endy="100" width="0" />
    <line originx="600" originy="-200" endx="200" endy="-200" width="0" />
    <line originx="200" originy="100" endx="200" endy="-200" width="0" />
    <sympin number="1" originx="200" originy="0" rotation="180" length="100" width="7.8740157480315" flipped="False">
      <text name="pinname" originx="230" originy="0" style="Default" rotation="0" justify="left" flipped="False" hidden="False" data="1" />
      <text name="pindes" originx="140" originy="20" style="Default" rotation="0" justify="lowerright" flipped="False" hidden="False" data="1" />
    </sympin>
    <sympin number="2" originx="200" originy="-100" rotation="180" length="100" width="7.8740157480315" flipped="False">
      <text name="pinname" originx="230" originy="-100" style="Default" rotation="0" justify="left" flipped="False" hidden="False" data="2" />
      <text name="pindes" originx="140" originy="-80" style="Default" rotation="0" justify="lowerright" flipped="False" hidden="False" data="2" />
    </sympin>
    <sympin number="3" originx="600" originy="0" rotation="0" length="100" width="7.8740157480315" flipped="False">
      <text name="pinname" originx="570" originy="0" style="Default" rotation="0" justify="right" flipped="False" hidden="False" data="3" />
      <text name="pindes" originx="660" originy="20" style="Default" rotation="0" justify="lowerleft" flipped="False" hidden="False" data="3" />
    </sympin>
    <sympin number="4" originx="600" originy="-100" rotation="0" length="100" width="7.8740157480315" flipped="False">
      <text name="pinname" originx="570" originy="-100" style="Default" rotation="0" justify="right" flipped="False" hidden="False" data="4" />
      <text name="pindes" originx="660" originy="-80" style="Default" rotation="0" justify="lowerleft" flipped="False" hidden="False" data="4" />
    </sympin>
  </symbol>
  <component name="PJ-327C-4A" designatorprefix="J" height="200.7874015748" footprint="PJ327C4A">
    <comppin designator="1" sympin="1" pinswap="0" gateswap="0" gate="1" group="1" side="" type="Any" name="1" />
    <comppin designator="2" sympin="2" pinswap="0" gateswap="0" gate="1" group="1" side="" type="Any" name="2" />
    <comppin designator="3" sympin="3" pinswap="0" gateswap="0" gate="1" group="1" side="" type="Any" name="3" />
    <comppin designator="4" sympin="4" pinswap="0" gateswap="0" gate="1" group="1" side="" type="Any" name="4" />
    <attached_symbol gate="1" name="PJ-327C-4A" />
    <pinmap designator="1" footprintpin="1" />
    <pinmap designator="2" footprintpin="2" />
    <pinmap designator="3" footprintpin="3" />
    <pinmap designator="4" footprintpin="4" />
    <text name="Datasheet" originx="0" originy="0" style="Default" rotation="0" justify="" flipped="False" hidden="True" data="https://datasheet.lcsc.com/lcsc/1810121720_Korean-Hroparts-Elec-PJ-327C-4A_C145813.pdf" />
    <text name="Description" originx="0" originy="0" style="Default" rotation="0" justify="" flipped="False" hidden="True" data="3.5mm headphone jack 30V 500mA SMD  Audio Connectors ROHS" />
    <text name="Manufacturer_Name" originx="0" originy="0" style="Default" rotation="0" justify="" flipped="False" hidden="True" data="Korean Hroparts Elec" />
    <text name="Manufacturer_Part_Number" originx="650" originy="200" style="Default" rotation="0" justify="left" flipped="False" hidden="False" data="PJ-327C-4A" />
    <text name="Mouser Part Number" originx="0" originy="0" style="Default" rotation="0" justify="" flipped="False" hidden="True" data="" />
    <text name="Mouser Price/Stock" originx="0" originy="0" style="Default" rotation="0" justify="" flipped="False" hidden="True" data="" />
    <text name="Arrow Part Number" originx="0" originy="0" style="Default" rotation="0" justify="" flipped="False" hidden="True" data="" />
    <text name="Arrow Price/Stock" originx="0" originy="0" style="Default" rotation="0" justify="" flipped="False" hidden="True" data="" />
    <text name="Mouser Testing Part Number" originx="0" originy="0" style="Default" rotation="0" justify="" flipped="False" hidden="True" data="" />
    <text name="Mouser Testing Price/Stock" originx="0" originy="0" style="Default" rotation="0" justify="" flipped="False" hidden="True" data="" />
  </component>
</quadcept_library>
