<?xml version="1.0" encoding="utf-8"?>
<!--/1790816/1059512/2.49/29/3/Integrated Circuit/-->
<quadcept_library>
  <setting unit="mil" />
  <textstyle name="Default" height="47.244094488189" strokewidth="7.8740157480315" charwidth="47.244094488189" />
  <textstyle name="Dimension" height="19.6850393700787" strokewidth="0" charwidth="19.6850393700787" />
  <textstyle name="H127W0635TH00762" height="50" strokewidth="3" charwidth="25" />
  <textstyle name="H15W15TH02" height="59.0551181102362" strokewidth="7.8740157480315" charwidth="59.0551181102362" />
  <padstyle name="r105_30" surface="True" plated="False" isvia="False" nopaste="False" nomask="True" complex="False" holesize="0">
    <padshape layer="TOP" shape="rectangle" width="11.811023622047" height="41.338582677165" />
    <padshape layer="TOP_SOLDER_PASTE" shape="rectangle" width="11.811023622047" height="41.338582677165" />
    <padshape layer="TOP_SOLDER_MASK" shape="rectangle" width="19.685039370078" height="49.212598425196" />
  </padstyle>
  <padstyle name="r320_320" surface="True" plated="False" isvia="False" nopaste="False" nomask="True" complex="False" holesize="0">
    <padshape layer="TOP" shape="rectangle" width="125.9842519685" height="125.9842519685" />
    <padshape layer="TOP_SOLDER_MASK" shape="rectangle" width="133.85826771653" height="133.85826771653" />
    <padshape layer="TOP_SOLDER_PASTE" shape="rectangle" width="125.9842519685" height="125.9842519685" />
  </padstyle>
  <footprint name="QFN50P500X500X100-29N" originx="0" originy="0" pickpointx="0" pickpointy="0">
    <pcbpin number="1" name="1" style="r105_30" originx="-92.519685039369" originy="59.055118110235" rotation="90" />
    <pcbpin number="2" name="2" style="r105_30" originx="-92.519685039369" originy="39.370078740157" rotation="90" />
    <pcbpin number="3" name="3" style="r105_30" originx="-92.519685039369" originy="19.685039370078" rotation="90" />
    <pcbpin number="4" name="4" style="r105_30" originx="-92.519685039369" originy="0" rotation="90" />
    <pcbpin number="5" name="5" style="r105_30" originx="-92.519685039369" originy="-19.685039370078" rotation="90" />
    <pcbpin number="6" name="6" style="r105_30" originx="-92.519685039369" originy="-39.370078740157" rotation="90" />
    <pcbpin number="7" name="7" style="r105_30" originx="-92.519685039369" originy="-59.055118110235" rotation="90" />
    <pcbpin number="8" name="8" style="r105_30" originx="-59.055118110235" originy="-92.519685039369" rotation="0" />
    <pcbpin number="9" name="9" style="r105_30" originx="-39.370078740157" originy="-92.519685039369" rotation="0" />
    <pcbpin number="10" name="10" style="r105_30" originx="-19.685039370078" originy="-92.519685039369" rotation="0" />
    <pcbpin number="11" name="11" style="r105_30" originx="0" originy="-92.519685039369" rotation="0" />
    <pcbpin number="12" name="12" style="r105_30" originx="19.685039370078" originy="-92.519685039369" rotation="0" />
    <pcbpin number="13" name="13" style="r105_30" originx="39.370078740157" originy="-92.519685039369" rotation="0" />
    <pcbpin number="14" name="14" style="r105_30" originx="59.055118110235" originy="-92.519685039369" rotation="0" />
    <pcbpin number="15" name="15" style="r105_30" originx="92.519685039369" originy="-59.055118110235" rotation="90" />
    <pcbpin number="16" name="16" style="r105_30" originx="92.519685039369" originy="-39.370078740157" rotation="90" />
    <pcbpin number="17" name="17" style="r105_30" originx="92.519685039369" originy="-19.685039370078" rotation="90" />
    <pcbpin number="18" name="18" style="r105_30" originx="92.519685039369" originy="0" rotation="90" />
    <pcbpin number="19" name="19" style="r105_30" originx="92.519685039369" originy="19.685039370078" rotation="90" />
    <pcbpin number="20" name="20" style="r105_30" originx="92.519685039369" originy="39.370078740157" rotation="90" />
    <pcbpin number="21" name="21" style="r105_30" originx="92.519685039369" originy="59.055118110235" rotation="90" />
    <pcbpin number="22" name="22" style="r105_30" originx="59.055118110235" originy="92.519685039369" rotation="0" />
    <pcbpin number="23" name="23" style="r105_30" originx="39.370078740157" originy="92.519685039369" rotation="0" />
    <pcbpin number="24" name="24" style="r105_30" originx="19.685039370078" originy="92.519685039369" rotation="0" />
    <pcbpin number="25" name="25" style="r105_30" originx="0" originy="92.519685039369" rotation="0" />
    <pcbpin number="26" name="26" style="r105_30" originx="-19.685039370078" originy="92.519685039369" rotation="0" />
    <pcbpin number="27" name="27" style="r105_30" originx="-39.370078740157" originy="92.519685039369" rotation="0" />
    <pcbpin number="28" name="28" style="r105_30" originx="-59.055118110235" originy="92.519685039369" rotation="0" />
    <pcbpin number="29" name="29" style="r320_320" originx="0" originy="0" rotation="0" />
    <line layer="TOP_PLACE_BOUND" originx="-122.04724409449" originy="122.04724409449" endx="122.04724409449" endy="122.04724409449" width="1.9685039370079" />
    <line layer="TOP_PLACE_BOUND" originx="122.04724409449" originy="122.04724409449" endx="122.04724409449" endy="-122.04724409449" width="1.9685039370079" />
    <line layer="TOP_PLACE_BOUND" originx="122.04724409449" originy="-122.04724409449" endx="-122.04724409449" endy="-122.04724409449" width="1.9685039370079" />
    <line layer="TOP_PLACE_BOUND" originx="-122.04724409449" originy="-122.04724409449" endx="-122.04724409449" endy="122.04724409449" width="1.9685039370079" />
    <line layer="TOP_ASSEMBLY" originx="-98.425196850392" originy="98.425196850392" endx="98.425196850392" endy="98.425196850392" width="3.9370078740157" />
    <line layer="TOP_ASSEMBLY" originx="98.425196850392" originy="98.425196850392" endx="98.425196850392" endy="-98.425196850392" width="3.9370078740157" />
    <line layer="TOP_ASSEMBLY" originx="98.425196850392" originy="-98.425196850392" endx="-98.425196850392" endy="-98.425196850392" width="3.9370078740157" />
    <line layer="TOP_ASSEMBLY" originx="-98.425196850392" originy="-98.425196850392" endx="-98.425196850392" endy="98.425196850392" width="3.9370078740157" />
    <line layer="TOP_ASSEMBLY" originx="-98.425196850392" originy="78.740157480314" endx="-78.740157480314" endy="98.425196850392" width="3.9370078740157" />
    <arc layer="TOP_SILKSCREEN" originx="-113.18897637795" originy="88.582677165353" startangle="180" sweepangle="180" radius="4.9212598425196" width="9.8425196850392" />
    <arc layer="TOP_SILKSCREEN" originx="-113.18897637795" originy="88.582677165353" startangle="180" sweepangle="-180" radius="4.9212598425196" width="9.8425196850392" />
  </footprint>
  <symbol name="ECE1088-DZK" originx="0" originy="0">
    <line originx="200" originy="1000" endx="1100" endy="1000" width="0" />
    <line originx="1100" originy="-1100" endx="1100" endy="1000" width="0" />
    <line originx="1100" originy="-1100" endx="200" endy="-1100" width="0" />
    <line originx="200" originy="1000" endx="200" endy="-1100" width="0" />
    <sympin number="1" originx="200" originy="0" rotation="180" length="100" width="7.8740157480315" flipped="False">
      <text name="pinname" originx="230" originy="0" style="Default" rotation="0" justify="left" flipped="False" hidden="False" data="GPIO13" />
      <text name="pindes" originx="140" originy="20" style="Default" rotation="0" justify="lowerright" flipped="False" hidden="False" data="1" />
    </sympin>
    <sympin number="2" originx="200" originy="-100" rotation="180" length="100" width="7.8740157480315" flipped="False">
      <text name="pinname" originx="230" originy="-100" style="Default" rotation="0" justify="left" flipped="False" hidden="False" data="GPIO14" />
      <text name="pindes" originx="140" originy="-80" style="Default" rotation="0" justify="lowerright" flipped="False" hidden="False" data="2" />
    </sympin>
    <sympin number="3" originx="200" originy="-200" rotation="180" length="100" width="7.8740157480315" flipped="False">
      <text name="pinname" originx="230" originy="-200" style="Default" rotation="0" justify="left" flipped="False" hidden="False" data="GPIO15" />
      <text name="pindes" originx="140" originy="-180" style="Default" rotation="0" justify="lowerright" flipped="False" hidden="False" data="3" />
    </sympin>
    <sympin number="4" originx="200" originy="-300" rotation="180" length="100" width="7.8740157480315" flipped="False">
      <text name="pinname" originx="230" originy="-300" style="Default" rotation="0" justify="left" flipped="False" hidden="False" data="GPIO16" />
      <text name="pindes" originx="140" originy="-280" style="Default" rotation="0" justify="lowerright" flipped="False" hidden="False" data="4" />
    </sympin>
    <sympin number="5" originx="200" originy="-400" rotation="180" length="100" width="7.8740157480315" flipped="False">
      <text name="pinname" originx="230" originy="-400" style="Default" rotation="0" justify="left" flipped="False" hidden="False" data="GPIO17" />
      <text name="pindes" originx="140" originy="-380" style="Default" rotation="0" justify="lowerright" flipped="False" hidden="False" data="5" />
    </sympin>
    <sympin number="6" originx="200" originy="-500" rotation="180" length="100" width="7.8740157480315" flipped="False">
      <text name="pinname" originx="230" originy="-500" style="Default" rotation="0" justify="left" flipped="False" hidden="False" data="GPIO20" />
      <text name="pindes" originx="140" originy="-480" style="Default" rotation="0" justify="lowerright" flipped="False" hidden="False" data="6" />
    </sympin>
    <sympin number="7" originx="200" originy="-600" rotation="180" length="100" width="7.8740157480315" flipped="False">
      <text name="pinname" originx="230" originy="-600" style="Default" rotation="0" justify="left" flipped="False" hidden="False" data="VCC1_1" />
      <text name="pindes" originx="140" originy="-580" style="Default" rotation="0" justify="lowerright" flipped="False" hidden="False" data="7" />
    </sympin>
    <sympin number="8" originx="300" originy="-1100" rotation="270" length="100" width="7.8740157480315" flipped="False">
      <text name="pinname" originx="300" originy="-1070" style="Default" rotation="0" justify="left" flipped="False" hidden="False" data="GPIO24" />
      <text name="pindes" originx="280" originy="-1160" style="Default" rotation="0" justify="lowerright" flipped="False" hidden="False" data="8" />
    </sympin>
    <sympin number="9" originx="400" originy="-1100" rotation="270" length="100" width="7.8740157480315" flipped="False">
      <text name="pinname" originx="400" originy="-1070" style="Default" rotation="0" justify="left" flipped="False" hidden="False" data="GPIO25" />
      <text name="pindes" originx="380" originy="-1160" style="Default" rotation="0" justify="lowerright" flipped="False" hidden="False" data="9" />
    </sympin>
    <sympin number="10" originx="500" originy="-1100" rotation="270" length="100" width="7.8740157480315" flipped="False">
      <text name="pinname" originx="500" originy="-1070" style="Default" rotation="0" justify="left" flipped="False" hidden="False" data="GPIO26" />
      <text name="pindes" originx="480" originy="-1160" style="Default" rotation="0" justify="lowerright" flipped="False" hidden="False" data="10" />
    </sympin>
    <sympin number="11" originx="600" originy="-1100" rotation="270" length="100" width="7.8740157480315" flipped="False">
      <text name="pinname" originx="600" originy="-1070" style="Default" rotation="0" justify="left" flipped="False" hidden="False" data="GPIO27" />
      <text name="pindes" originx="580" originy="-1160" style="Default" rotation="0" justify="lowerright" flipped="False" hidden="False" data="11" />
    </sympin>
    <sympin number="12" originx="700" originy="-1100" rotation="270" length="100" width="7.8740157480315" flipped="False">
      <text name="pinname" originx="700" originy="-1070" style="Default" rotation="0" justify="left" flipped="False" hidden="False" data="GPIO30" />
      <text name="pindes" originx="680" originy="-1160" style="Default" rotation="0" justify="lowerright" flipped="False" hidden="False" data="12" />
    </sympin>
    <sympin number="13" originx="800" originy="-1100" rotation="270" length="100" width="7.8740157480315" flipped="False">
      <text name="pinname" originx="800" originy="-1070" style="Default" rotation="0" justify="left" flipped="False" hidden="False" data="GPIO31" />
      <text name="pindes" originx="780" originy="-1160" style="Default" rotation="0" justify="lowerright" flipped="False" hidden="False" data="13" />
    </sympin>
    <sympin number="14" originx="900" originy="-1100" rotation="270" length="100" width="7.8740157480315" flipped="False">
      <text name="pinname" originx="900" originy="-1070" style="Default" rotation="0" justify="left" flipped="False" hidden="False" data="GPIO32" />
      <text name="pindes" originx="880" originy="-1160" style="Default" rotation="0" justify="lowerright" flipped="False" hidden="False" data="14" />
    </sympin>
    <sympin number="21" originx="1100" originy="0" rotation="0" length="100" width="7.8740157480315" flipped="False">
      <text name="pinname" originx="1070" originy="0" style="Default" rotation="0" justify="right" flipped="False" hidden="False" data="VCC1_2" />
      <text name="pindes" originx="1160" originy="20" style="Default" rotation="0" justify="lowerleft" flipped="False" hidden="False" data="21" />
    </sympin>
    <sympin number="20" originx="1100" originy="-100" rotation="0" length="100" width="7.8740157480315" flipped="False">
      <text name="pinname" originx="1070" originy="-100" style="Default" rotation="0" justify="right" flipped="False" hidden="False" data="GPIO03" />
      <text name="pindes" originx="1160" originy="-80" style="Default" rotation="0" justify="lowerleft" flipped="False" hidden="False" data="20" />
    </sympin>
    <sympin number="19" originx="1100" originy="-200" rotation="0" length="100" width="7.8740157480315" flipped="False">
      <text name="pinname" originx="1070" originy="-200" style="Default" rotation="0" justify="right" flipped="False" hidden="False" data="GPIO02" />
      <text name="pindes" originx="1160" originy="-180" style="Default" rotation="0" justify="lowerleft" flipped="False" hidden="False" data="19" />
    </sympin>
    <sympin number="18" originx="1100" originy="-300" rotation="0" length="100" width="7.8740157480315" flipped="False">
      <text name="pinname" originx="1070" originy="-300" style="Default" rotation="0" justify="right" flipped="False" hidden="False" data="GPIO01" />
      <text name="pindes" originx="1160" originy="-280" style="Default" rotation="0" justify="lowerleft" flipped="False" hidden="False" data="18" />
    </sympin>
    <sympin number="17" originx="1100" originy="-400" rotation="0" length="100" width="7.8740157480315" flipped="False">
      <text name="pinname" originx="1070" originy="-400" style="Default" rotation="0" justify="right" flipped="False" hidden="False" data="GPIO00" />
      <text name="pindes" originx="1160" originy="-380" style="Default" rotation="0" justify="lowerleft" flipped="False" hidden="False" data="17" />
    </sympin>
    <sympin number="16" originx="1100" originy="-500" rotation="0" length="100" width="7.8740157480315" flipped="False">
      <text name="pinname" originx="1070" originy="-500" style="Default" rotation="0" justify="right" flipped="False" hidden="False" data="GPIO37" />
      <text name="pindes" originx="1160" originy="-480" style="Default" rotation="0" justify="lowerleft" flipped="False" hidden="False" data="16" />
    </sympin>
    <sympin number="15" originx="1100" originy="-600" rotation="0" length="100" width="7.8740157480315" flipped="False">
      <text name="pinname" originx="1070" originy="-600" style="Default" rotation="0" justify="right" flipped="False" hidden="False" data="GPIO36" />
      <text name="pindes" originx="1160" originy="-580" style="Default" rotation="0" justify="lowerleft" flipped="False" hidden="False" data="15" />
    </sympin>
    <sympin number="29" originx="300" originy="1000" rotation="90" length="100" width="7.8740157480315" flipped="False">
      <text name="pinname" originx="300" originy="970" style="Default" rotation="0" justify="right" flipped="False" hidden="False" data="VSS" />
      <text name="pindes" originx="280" originy="1060" style="Default" rotation="0" justify="lowerleft" flipped="False" hidden="False" data="29" />
    </sympin>
    <sympin number="28" originx="400" originy="1000" rotation="90" length="100" width="7.8740157480315" flipped="False">
      <text name="pinname" originx="400" originy="970" style="Default" rotation="0" justify="right" flipped="False" hidden="False" data="TEST_PIN" />
      <text name="pindes" originx="380" originy="1060" style="Default" rotation="0" justify="lowerleft" flipped="False" hidden="False" data="28" />
    </sympin>
    <sympin number="27" originx="500" originy="1000" rotation="90" length="100" width="7.8740157480315" flipped="False">
      <text name="pinname" originx="500" originy="970" style="Default" rotation="0" justify="right" flipped="False" hidden="False" data="RESERVED" />
      <text name="pindes" originx="480" originy="1060" style="Default" rotation="0" justify="lowerleft" flipped="False" hidden="False" data="27" />
    </sympin>
    <sympin number="26" originx="600" originy="1000" rotation="90" length="100" width="7.8740157480315" flipped="False">
      <text name="pinname" originx="600" originy="970" style="Default" rotation="0" justify="right" flipped="False" hidden="False" data="GPIO07" />
      <text name="pindes" originx="580" originy="1060" style="Default" rotation="0" justify="lowerleft" flipped="False" hidden="False" data="26" />
    </sympin>
    <sympin number="25" originx="700" originy="1000" rotation="90" length="100" width="7.8740157480315" flipped="False">
      <text name="pinname" originx="700" originy="970" style="Default" rotation="0" justify="right" flipped="False" hidden="False" data="SMB_ADDR" />
      <text name="pindes" originx="680" originy="1060" style="Default" rotation="0" justify="lowerleft" flipped="False" hidden="False" data="25" />
    </sympin>
    <sympin number="24" originx="800" originy="1000" rotation="90" length="100" width="7.8740157480315" flipped="False">
      <text name="pinname" originx="800" originy="970" style="Default" rotation="0" justify="right" flipped="False" hidden="False" data="BC_INT#/SMB_INT#" />
      <text name="pindes" originx="780" originy="1060" style="Default" rotation="0" justify="lowerleft" flipped="False" hidden="False" data="24" />
    </sympin>
    <sympin number="23" originx="900" originy="1000" rotation="90" length="100" width="7.8740157480315" flipped="False">
      <text name="pinname" originx="900" originy="970" style="Default" rotation="0" justify="right" flipped="False" hidden="False" data="BC_CLK/SMB_CLK" />
      <text name="pindes" originx="880" originy="1060" style="Default" rotation="0" justify="lowerleft" flipped="False" hidden="False" data="23" />
    </sympin>
    <sympin number="22" originx="1000" originy="1000" rotation="90" length="100" width="7.8740157480315" flipped="False">
      <text name="pinname" originx="1000" originy="970" style="Default" rotation="0" justify="right" flipped="False" hidden="False" data="BC_DAT/SMB_DATA" />
      <text name="pindes" originx="980" originy="1060" style="Default" rotation="0" justify="lowerleft" flipped="False" hidden="False" data="22" />
    </sympin>
  </symbol>
  <component name="ECE1088-DZK" designatorprefix="IC" height="39.370078740157" footprint="QFN50P500X500X100-29N">
    <comppin designator="1" sympin="1" pinswap="0" gateswap="0" gate="1" group="1" side="" type="Any" name="GPIO13" />
    <comppin designator="2" sympin="2" pinswap="0" gateswap="0" gate="1" group="1" side="" type="Any" name="GPIO14" />
    <comppin designator="3" sympin="3" pinswap="0" gateswap="0" gate="1" group="1" side="" type="Any" name="GPIO15" />
    <comppin designator="4" sympin="4" pinswap="0" gateswap="0" gate="1" group="1" side="" type="Any" name="GPIO16" />
    <comppin designator="5" sympin="5" pinswap="0" gateswap="0" gate="1" group="1" side="" type="Any" name="GPIO17" />
    <comppin designator="6" sympin="6" pinswap="0" gateswap="0" gate="1" group="1" side="" type="Any" name="GPIO20" />
    <comppin designator="7" sympin="7" pinswap="0" gateswap="0" gate="1" group="1" side="" type="Any" name="VCC1_1" />
    <comppin designator="8" sympin="8" pinswap="0" gateswap="0" gate="1" group="1" side="" type="Any" name="GPIO24" />
    <comppin designator="9" sympin="9" pinswap="0" gateswap="0" gate="1" group="1" side="" type="Any" name="GPIO25" />
    <comppin designator="10" sympin="10" pinswap="0" gateswap="0" gate="1" group="1" side="" type="Any" name="GPIO26" />
    <comppin designator="11" sympin="11" pinswap="0" gateswap="0" gate="1" group="1" side="" type="Any" name="GPIO27" />
    <comppin designator="12" sympin="12" pinswap="0" gateswap="0" gate="1" group="1" side="" type="Any" name="GPIO30" />
    <comppin designator="13" sympin="13" pinswap="0" gateswap="0" gate="1" group="1" side="" type="Any" name="GPIO31" />
    <comppin designator="14" sympin="14" pinswap="0" gateswap="0" gate="1" group="1" side="" type="Any" name="GPIO32" />
    <comppin designator="15" sympin="15" pinswap="0" gateswap="0" gate="1" group="1" side="" type="Any" name="GPIO36" />
    <comppin designator="16" sympin="16" pinswap="0" gateswap="0" gate="1" group="1" side="" type="Any" name="GPIO37" />
    <comppin designator="17" sympin="17" pinswap="0" gateswap="0" gate="1" group="1" side="" type="Any" name="GPIO00" />
    <comppin designator="18" sympin="18" pinswap="0" gateswap="0" gate="1" group="1" side="" type="Any" name="GPIO01" />
    <comppin designator="19" sympin="19" pinswap="0" gateswap="0" gate="1" group="1" side="" type="Any" name="GPIO02" />
    <comppin designator="20" sympin="20" pinswap="0" gateswap="0" gate="1" group="1" side="" type="Any" name="GPIO03" />
    <comppin designator="21" sympin="21" pinswap="0" gateswap="0" gate="1" group="1" side="" type="Any" name="VCC1_2" />
    <comppin designator="22" sympin="22" pinswap="0" gateswap="0" gate="1" group="1" side="" type="Any" name="BC_DAT/SMB_DATA" />
    <comppin designator="23" sympin="23" pinswap="0" gateswap="0" gate="1" group="1" side="" type="Any" name="BC_CLK/SMB_CLK" />
    <comppin designator="24" sympin="24" pinswap="0" gateswap="0" gate="1" group="1" side="" type="Any" name="BC_INT#/SMB_INT#" />
    <comppin designator="25" sympin="25" pinswap="0" gateswap="0" gate="1" group="1" side="" type="Any" name="SMB_ADDR" />
    <comppin designator="26" sympin="26" pinswap="0" gateswap="0" gate="1" group="1" side="" type="Any" name="GPIO07" />
    <comppin designator="27" sympin="27" pinswap="0" gateswap="0" gate="1" group="1" side="" type="Any" name="RESERVED" />
    <comppin designator="28" sympin="28" pinswap="0" gateswap="0" gate="1" group="1" side="" type="Any" name="TEST_PIN" />
    <comppin designator="29" sympin="29" pinswap="0" gateswap="0" gate="1" group="1" side="" type="Any" name="VSS" />
    <attached_symbol gate="1" name="ECE1088-DZK" />
    <pinmap designator="1" footprintpin="1" />
    <pinmap designator="2" footprintpin="2" />
    <pinmap designator="3" footprintpin="3" />
    <pinmap designator="4" footprintpin="4" />
    <pinmap designator="5" footprintpin="5" />
    <pinmap designator="6" footprintpin="6" />
    <pinmap designator="7" footprintpin="7" />
    <pinmap designator="8" footprintpin="8" />
    <pinmap designator="9" footprintpin="9" />
    <pinmap designator="10" footprintpin="10" />
    <pinmap designator="11" footprintpin="11" />
    <pinmap designator="12" footprintpin="12" />
    <pinmap designator="13" footprintpin="13" />
    <pinmap designator="14" footprintpin="14" />
    <pinmap designator="15" footprintpin="15" />
    <pinmap designator="16" footprintpin="16" />
    <pinmap designator="17" footprintpin="17" />
    <pinmap designator="18" footprintpin="18" />
    <pinmap designator="19" footprintpin="19" />
    <pinmap designator="20" footprintpin="20" />
    <pinmap designator="21" footprintpin="21" />
    <pinmap designator="22" footprintpin="22" />
    <pinmap designator="23" footprintpin="23" />
    <pinmap designator="24" footprintpin="24" />
    <pinmap designator="25" footprintpin="25" />
    <pinmap designator="26" footprintpin="26" />
    <pinmap designator="27" footprintpin="27" />
    <pinmap designator="28" footprintpin="28" />
    <pinmap designator="29" footprintpin="29" />
    <text name="Datasheet" originx="0" originy="0" style="Default" rotation="0" justify="" flipped="False" hidden="True" data="https://ww1.microchip.com/downloads/en/DeviceDoc/00002623A.pdf" />
    <text name="Description" originx="0" originy="0" style="Default" rotation="0" justify="" flipped="False" hidden="True" data="Interface - I/O Expanders GPIO EXPANSION SMbus" />
    <text name="Manufacturer_Name" originx="0" originy="0" style="Default" rotation="0" justify="" flipped="False" hidden="True" data="Microchip" />
    <text name="Manufacturer_Part_Number" originx="1150" originy="1100" style="Default" rotation="0" justify="left" flipped="False" hidden="False" data="ECE1088-DZK" />
    <text name="Mouser Part Number" originx="0" originy="0" style="Default" rotation="0" justify="" flipped="False" hidden="True" data="886-ECE1088-DZK" />
    <text name="Mouser Price/Stock" originx="0" originy="0" style="Default" rotation="0" justify="" flipped="False" hidden="True" data="https://www.mouser.co.uk/ProductDetail/Microchip-Technology/ECE1088-DZK?qs=pA5MXup5wxED3mV%2FEJAOBQ%3D%3D" />
    <text name="Arrow Part Number" originx="0" originy="0" style="Default" rotation="0" justify="" flipped="False" hidden="True" data="ECE1088-DZK" />
    <text name="Arrow Price/Stock" originx="0" originy="0" style="Default" rotation="0" justify="" flipped="False" hidden="True" data="https://www.arrow.com/en/products/ece1088-dzk/microchip-technology?region=nac" />
    <text name="Mouser Testing Part Number" originx="0" originy="0" style="Default" rotation="0" justify="" flipped="False" hidden="True" data="" />
    <text name="Mouser Testing Price/Stock" originx="0" originy="0" style="Default" rotation="0" justify="" flipped="False" hidden="True" data="" />
  </component>
</quadcept_library>
